trend_id,team_id,team_name,actual_score,predicted_score
1,661,Ryukyu Golden Kings,"{65,80,81,75,94,102,91,67,79}","{74.25615,74.079315,85.40012,71.65046,89.89149,104.388275,87.32646,70.15973,76.84799}"
